,precision,recall,f1-score,support,Score
Benign,0.8190194142810134,0.9948041566746603,0.898393791734344,2502.0,
Malicious,0.9993977299050266,0.9751378718018262,0.9871187681607065,22122.0,
accuracy,0.9771361273554257,0.9771361273554257,0.9771361273554257,0.9771361273554257,0.9771361273554257
macro avg,0.9092085720930201,0.9849710142382433,0.9427562799475253,24624.0,
weighted avg,0.9810698162560956,0.9771361273554257,0.9781035841524723,24624.0,
ROC_AUC,,,,,0.9774381290555657
