,precision,recall,f1-score,support,Score
Benign,0.9344138710893328,0.9908073541167066,0.9617846750727449,2502.0,
Malicious,0.9989531655363889,0.9921345267154869,0.9955321706393305,22122.0,
accuracy,0.9919996751137102,0.9919996751137102,0.9919996751137102,0.9919996751137102,0.9919996751137102
macro avg,0.9666835183128608,0.9914709404160967,0.9786584228560378,24624.0,
weighted avg,0.9923954448286837,0.9919996751137102,0.9921031487944801,24624.0,
ROC_AUC,,,,,0.9968806800685479
