model_name,accuracy,precision_macro,recall_macro,f1_macro,precision_weighted,recall_weighted,f1_weighted,roc_auc_ovr,roc_auc_ovo,pr_auc
xgb,0.9980100714749838,0.9959744057603245,0.960832963872003,0.9771503440422323,0.9980156565222292,0.9980100714749838,0.9980038991305056,0.9999773629140126,0.99977691987219,0.9840533661795826
rf,0.9982131254061078,0.9608683096727325,0.9658194452878411,0.9630212468746929,0.998225096762651,0.9982131254061078,0.998216756690694,0.993497163520021,0.9932717244546794,0.9758126404085655
rf,0.9982131254061078,0.9608683096727325,0.9658194452878411,0.9630212468746929,0.998225096762651,0.9982131254061078,0.998216756690694,0.9865171416999763,0.9862840861447238,0.9725680097762893
rf,0.9982131254061078,0.9608683096727325,0.9658194452878411,0.9630212468746929,0.998225096762651,0.9982131254061078,0.998216756690694,0.993497163520021,0.9932717244546794,0.9758126404085655
